<?xml version="1.0" ?>
<Result>
    <OverallScore>DistressScore.LOW</OverallScore>
    <ScorePercentage>40</ScorePercentage>
    <Time>2020-04-20 16-00-12</Time>
    <SpokenText>not what am I supposed to do artificial intelligence</SpokenText>
    <KWS>
        <DistressScore>DistressScore.NONE</DistressScore>
        <ProcessedInput>not what be i suppose to do artificial intelligence</ProcessedInput>
        <MatchingKeywords>
            <SingleKeyword>
                <Keyword>background</Keyword>
                <NoOccurrences>0</NoOccurrences>
            </SingleKeyword>
            <SingleKeyword>
                <Keyword>depth</Keyword>
                <NoOccurrences>0</NoOccurrences>
            </SingleKeyword>
            <SingleKeyword>
                <Keyword>large</Keyword>
                <NoOccurrences>0</NoOccurrences>
            </SingleKeyword>
            <SingleKeyword>
                <Keyword>stockings</Keyword>
                <NoOccurrences>0</NoOccurrences>
            </SingleKeyword>
            <SingleKeyword>
                <Keyword>john</Keyword>
                <NoOccurrences>0</NoOccurrences>
            </SingleKeyword>
            <SingleKeyword>
                <Keyword>keyword</Keyword>
                <NoOccurrences>0</NoOccurrences>
            </SingleKeyword>
            <SingleKeyword>
                <Keyword>test</Keyword>
                <NoOccurrences>0</NoOccurrences>
            </SingleKeyword>
            <SingleKeyword>
                <Keyword>sell</Keyword>
                <NoOccurrences>0</NoOccurrences>
            </SingleKeyword>
        </MatchingKeywords>
    </KWS>
    <EMC>
        <DistressScore>DistressScore.HIGH</DistressScore>
        <InDistressProba>100.0</InDistressProba>
        <NoDistressProba>0.0</NoDistressProba>
    </EMC>
    <RSD>
        <DistressScore>DistressScore.NONE</DistressScore>
        <ProcessedInput>not what be I suppose to do artificial intelligence</ProcessedInput>
        <MatchingSentences/>
    </RSD>
</Result>
