<?xml version="1.0" ?>
<Result>
    <OverallScore>DistressScore.NONE</OverallScore>
    <ScorePercentage>0</ScorePercentage>
    <Time>2020-04-20 16-00-01</Time>
    <SpokenText>butcher Pratt</SpokenText>
    <KWS>
        <DistressScore>DistressScore.NONE</DistressScore>
        <ProcessedInput>butcher pratt</ProcessedInput>
        <MatchingKeywords>
            <SingleKeyword>
                <Keyword>background</Keyword>
                <NoOccurrences>0</NoOccurrences>
            </SingleKeyword>
            <SingleKeyword>
                <Keyword>depth</Keyword>
                <NoOccurrences>0</NoOccurrences>
            </SingleKeyword>
            <SingleKeyword>
                <Keyword>large</Keyword>
                <NoOccurrences>0</NoOccurrences>
            </SingleKeyword>
            <SingleKeyword>
                <Keyword>stockings</Keyword>
                <NoOccurrences>0</NoOccurrences>
            </SingleKeyword>
            <SingleKeyword>
                <Keyword>john</Keyword>
                <NoOccurrences>0</NoOccurrences>
            </SingleKeyword>
            <SingleKeyword>
                <Keyword>keyword</Keyword>
                <NoOccurrences>0</NoOccurrences>
            </SingleKeyword>
            <SingleKeyword>
                <Keyword>test</Keyword>
                <NoOccurrences>0</NoOccurrences>
            </SingleKeyword>
            <SingleKeyword>
                <Keyword>sell</Keyword>
                <NoOccurrences>0</NoOccurrences>
            </SingleKeyword>
        </MatchingKeywords>
    </KWS>
    <EMC>
        <DistressScore>DistressScore.NONE</DistressScore>
        <InDistressProba>0.09</InDistressProba>
        <NoDistressProba>99.91</NoDistressProba>
    </EMC>
    <RSD>
        <DistressScore>DistressScore.NONE</DistressScore>
        <ProcessedInput>butcher Pratt</ProcessedInput>
        <MatchingSentences/>
    </RSD>
</Result>
