<?xml version="1.0" ?>
<Result>
    <OverallScore>DistressScore.NONE</OverallScore>
    <ScorePercentage>13</ScorePercentage>
    <Time>2020-04-20 16-00-44</Time>
    <SpokenText>what is 4 as I'm concerned I don't like that so I don't I don't rate Neymar there you go and I wouldn't want him at Manchester United</SpokenText>
    <KWS>
        <DistressScore>DistressScore.NONE</DistressScore>
        <ProcessedInput>what be 4 as concern i do not like that so i do not i do not rate neymar there you go and i would not want him at manchester unite</ProcessedInput>
        <MatchingKeywords>
            <SingleKeyword>
                <Keyword>background</Keyword>
                <NoOccurrences>0</NoOccurrences>
            </SingleKeyword>
            <SingleKeyword>
                <Keyword>depth</Keyword>
                <NoOccurrences>0</NoOccurrences>
            </SingleKeyword>
            <SingleKeyword>
                <Keyword>large</Keyword>
                <NoOccurrences>0</NoOccurrences>
            </SingleKeyword>
            <SingleKeyword>
                <Keyword>stockings</Keyword>
                <NoOccurrences>0</NoOccurrences>
            </SingleKeyword>
            <SingleKeyword>
                <Keyword>john</Keyword>
                <NoOccurrences>0</NoOccurrences>
            </SingleKeyword>
            <SingleKeyword>
                <Keyword>keyword</Keyword>
                <NoOccurrences>0</NoOccurrences>
            </SingleKeyword>
            <SingleKeyword>
                <Keyword>test</Keyword>
                <NoOccurrences>0</NoOccurrences>
            </SingleKeyword>
            <SingleKeyword>
                <Keyword>sell</Keyword>
                <NoOccurrences>0</NoOccurrences>
            </SingleKeyword>
        </MatchingKeywords>
    </KWS>
    <EMC>
        <DistressScore>DistressScore.LOW</DistressScore>
        <InDistressProba>70.11</InDistressProba>
        <NoDistressProba>29.89</NoDistressProba>
    </EMC>
    <RSD>
        <DistressScore>DistressScore.NONE</DistressScore>
        <ProcessedInput>what be 4 as I 'm concern I do n't like that so I do n't I do n't rate Neymar there you go and I would n't want him at Manchester United</ProcessedInput>
        <MatchingSentences/>
    </RSD>
</Result>
