<?xml version="1.0" ?>
<Result>
    <OverallScore>DistressScore.LOW</OverallScore>
    <ScorePercentage>40</ScorePercentage>
    <Time>2020-04-20 16-00-33</Time>
    <SpokenText>anywhere near United I think he is out for himself and therefore if you are part of Neymar FC and not actually a football club then you'll love him because that he plays for</SpokenText>
    <KWS>
        <DistressScore>DistressScore.NONE</DistressScore>
        <ProcessedInput>anywhere near unite i think he be out for himself and therefore if you be part of neymar fc and not actually a football club then you will love him because that he play for</ProcessedInput>
        <MatchingKeywords>
            <SingleKeyword>
                <Keyword>background</Keyword>
                <NoOccurrences>0</NoOccurrences>
            </SingleKeyword>
            <SingleKeyword>
                <Keyword>depth</Keyword>
                <NoOccurrences>0</NoOccurrences>
            </SingleKeyword>
            <SingleKeyword>
                <Keyword>large</Keyword>
                <NoOccurrences>0</NoOccurrences>
            </SingleKeyword>
            <SingleKeyword>
                <Keyword>stockings</Keyword>
                <NoOccurrences>0</NoOccurrences>
            </SingleKeyword>
            <SingleKeyword>
                <Keyword>john</Keyword>
                <NoOccurrences>0</NoOccurrences>
            </SingleKeyword>
            <SingleKeyword>
                <Keyword>keyword</Keyword>
                <NoOccurrences>0</NoOccurrences>
            </SingleKeyword>
            <SingleKeyword>
                <Keyword>test</Keyword>
                <NoOccurrences>0</NoOccurrences>
            </SingleKeyword>
            <SingleKeyword>
                <Keyword>sell</Keyword>
                <NoOccurrences>0</NoOccurrences>
            </SingleKeyword>
        </MatchingKeywords>
    </KWS>
    <EMC>
        <DistressScore>DistressScore.HIGH</DistressScore>
        <InDistressProba>98.56</InDistressProba>
        <NoDistressProba>1.44</NoDistressProba>
    </EMC>
    <RSD>
        <DistressScore>DistressScore.NONE</DistressScore>
        <ProcessedInput>anywhere near United I think he be out for himself and therefore if you be part of Neymar FC and not actually a football club then you 'll love him because that he play for</ProcessedInput>
        <MatchingSentences/>
    </RSD>
</Result>
