<?xml version="1.0" ?>
<Result>
    <OverallScore>DistressScore.NONE</OverallScore>
    <ScorePercentage>27</ScorePercentage>
    <Time>2020-04-20 16-00-53</Time>
    <SpokenText>100-percent the truth so and I've said it many times there's plenty of players</SpokenText>
    <KWS>
        <DistressScore>DistressScore.NONE</DistressScore>
        <ProcessedInput>100-percent the truth so and say it many time there be plenty of players</ProcessedInput>
        <MatchingKeywords>
            <SingleKeyword>
                <Keyword>background</Keyword>
                <NoOccurrences>0</NoOccurrences>
            </SingleKeyword>
            <SingleKeyword>
                <Keyword>depth</Keyword>
                <NoOccurrences>0</NoOccurrences>
            </SingleKeyword>
            <SingleKeyword>
                <Keyword>large</Keyword>
                <NoOccurrences>0</NoOccurrences>
            </SingleKeyword>
            <SingleKeyword>
                <Keyword>stockings</Keyword>
                <NoOccurrences>0</NoOccurrences>
            </SingleKeyword>
            <SingleKeyword>
                <Keyword>john</Keyword>
                <NoOccurrences>0</NoOccurrences>
            </SingleKeyword>
            <SingleKeyword>
                <Keyword>keyword</Keyword>
                <NoOccurrences>0</NoOccurrences>
            </SingleKeyword>
            <SingleKeyword>
                <Keyword>test</Keyword>
                <NoOccurrences>0</NoOccurrences>
            </SingleKeyword>
            <SingleKeyword>
                <Keyword>sell</Keyword>
                <NoOccurrences>0</NoOccurrences>
            </SingleKeyword>
        </MatchingKeywords>
    </KWS>
    <EMC>
        <DistressScore>DistressScore.MEDIUM</DistressScore>
        <InDistressProba>83.39</InDistressProba>
        <NoDistressProba>16.61</NoDistressProba>
    </EMC>
    <RSD>
        <DistressScore>DistressScore.NONE</DistressScore>
        <ProcessedInput>100-percent the truth so and I 've say it many time there 's plenty of players</ProcessedInput>
        <MatchingSentences/>
    </RSD>
</Result>
